Name,Address,Location,PhoneNumber,URL
Name,Address,Location,PhoneNumber,URL
The Apartment,"3469 18th St, San Francisco, CA 94110, United States",san francisco California,(415) 255-1100,https://plus.google.com/101735421521694949706/about?hl=en
The Steinhart Hotel and Apartments,"952 Sutter St, San Francisco, CA 94109, United States",san francisco California,(415) 928-4631,https://plus.google.com/109768189063522385258/about?hl=en
Library Gardens,"2020 Kittredge St, Berkeley, CA 94704, United States",san francisco California,(510) 540-5454,https://plus.google.com/104418084171432108705/about?hl=en
Casa Buena Vista Rentals,"783 Buena Vista Ave W, San Francisco, CA 94117, United States",san francisco California,(866) 932-5588,https://plus.google.com/101143263957737617076/about?hl=en
City View Apartment Homes,"25200 Carlos Bee Blvd, Hayward, CA 94542, United States",san francisco California,(510) 886-0616,https://plus.google.com/115190272215919212125/about?hl=en
Come2SF,"3904 17th St, San Francisco, CA 94114, United States",san francisco California,(415) 307-1871,https://plus.google.com/109134961413912329838/about?hl=en
Marine View Apartments,"564 Central Ave, Alameda, CA 94501, United States",san francisco California,(510) 865-1139,https://plus.google.com/110369587882429796796/about?hl=en
Bayside Village,"3 Bayside Village Pl, San Francisco, CA 94107, United States",san francisco California,(415) 777-4850,https://plus.google.com/117309957409083390130/about?hl=en
Creekview Apartments,"3535 El Portal Dr, El Sobrante, CA 94803, United States",san francisco California,(510) 222-8623,https://plus.google.com/103357585728509168872/about?hl=en
The Paramount Luxury Apartments,"680 Mission St, San Francisco, CA 94105, United States",san francisco California,(415) 403-2247,https://plus.google.com/118139787134586421899/about?hl=en
Carillon Towers,"1100 Gough St, San Francisco, CA 94109, United States",san francisco California,(415) 474-5494,https://plus.google.com/104614613898005524669/about?hl=en
Trailside Terrace Apartments,"2515 Carlmont Dr, Belmont, CA 94002, United States",san francisco California,(650) 592-3139,https://plus.google.com/105513070422583892563/about?hl=en
Trinity Corporate Living,"1188 Mission St, San Francisco, CA 94103, United States",san francisco California,(415) 864-3333,https://plus.google.com/100214188313243752093/about?hl=en
"BRIDGE, THE","25800 Industrial Blvd., Hayward, CA 94545, United States",san francisco California,(510) 887-8185,https://plus.google.com/101744320194821345402/about?hl=en
SoMa Square Apartments,"1 St Francis Pl, San Francisco, CA 94107, United States",san francisco California,(415) 284-3000,https://plus.google.com/108951491265189120454/about?hl=en
388 Beale,"388 Beale Street, San Francisco, CA 94105, United States",san francisco California,(415) 992-7215,https://plus.google.com/105681381293097815125/about?hl=en
Carmel Rincon Apartments,"88 Howard St, San Francisco, CA 94105, United States",san francisco California,(415) 615-9200,https://plus.google.com/109124313104830905616/about?hl=en
Rincon Center,"121 Spear St B18, San Francisco, CA 94105, United States",san francisco California,(415) 777-4100,https://plus.google.com/110595266079858867794/about?hl=en
Apartment,"1609 Franklin St, San Francisco, CA 94109, United States",san francisco California,(415) 673-7545,https://plus.google.com/106879518947524964572/about?hl=en
The John Stewart Co,"1388 Sutter St #11, San Francisco, CA 94109, United States",san francisco California,(415) 345-4400,https://plus.google.com/112204021024857639986/about?hl=en
Better Property Management,"44 Gough St #202, San Francisco, CA 94103, United States",san francisco California,(415) 861-9981,https://plus.google.com/101744635540740712468/about?hl=en
Durant Park Apartments,"2230 Durant Ave # 103, Berkeley, CA 94704, United States",san francisco California,(510) 841-2760,https://plus.google.com/115947039057569714869/about?hl=en
Newell Vista Apartments,"1200 Newell Hill Pl, Walnut Creek, CA 94596, United States",san francisco California,(925) 934-1117,https://plus.google.com/112492667583070183274/about?hl=en
Kula Kai Apartments,"808 Comet Dr, Foster City, CA 94404, United States",san francisco California,(650) 345-5406,https://plus.google.com/107159429015666370181/about?hl=en
The Fillmore Center,"1475 Fillmore St, San Francisco, CA 94115, United States",san francisco California,(415) 921-1969,https://plus.google.com/106922433227253714880/about?hl=en
Waterview Apartments,"801 Southampton Rd, Benicia, CA 94510, United States",san francisco California,(707) 745-3000,https://plus.google.com/112335905486928313822/about?hl=en
Westridge At Hilltop Apartments,"2490 Lancaster Dr, Richmond, CA 94806, United States",san francisco California,(855) 802-6683,https://plus.google.com/104709327534507487663/about?hl=en
Parkmerced,"3711 19th Ave, San Francisco, CA 94132, United States",san francisco California,(415) 405-4600,https://plus.google.com/112151466604183561807/about?hl=en
Argenta Apartment Homes,"1 Polk St, San Francisco, CA 94102, United States",san francisco California,(415) 234-7084,https://plus.google.com/118021519760689279421/about?hl=en
Marina Cove Apartments,"1550 Bay St, San Francisco, CA 94123, United States",san francisco California,(415) 474-0333,https://plus.google.com/109010502624520346572/about?hl=en
Coldwell Banker Previews International - Pacific Heights,"1560 Van Ness Ave, San Francisco, CA 94109, United States",san francisco California,(415) 474-1750,https://plus.google.com/107308487774823298250/about?hl=en
Lafayette Oaks Apartments,"949 East St, Lafayette, CA 94549, United States",san francisco California,(925) 283-9912,https://plus.google.com/113355838655643135830/about?hl=en
Carquinez,"400 Harbour Way, Richmond, CA 94801, United States",san francisco California,(510) 215-2850,https://plus.google.com/104282037723374133409/about?hl=en
Trinity Towers Apartments,"888 O'Farrell St, San Francisco, CA 94109, United States",san francisco California,(415) 885-3333,https://plus.google.com/108878578780219416864/about?hl=en
Oakwood Mountain View,"555 W Middlefield Rd, Mountain View, CA 94043, United States",san francisco California,(602) 427-2752,https://plus.google.com/110673445817977678325/about?hl=en
Edgewater,"355 Berry St, San Francisco, CA 94158, United States",san francisco California,(415) 230-1996,https://plus.google.com/107910061283752496632/about?hl=en
SOMA Residences,"1045 Mission St, San Francisco, CA 94103, United States",san francisco California,(415) 864-7368,https://plus.google.com/112293974265507250682/about?hl=en
Willowbend Apartments,"1035 Aster Ave, Sunnyvale, CA 94086, United States",san francisco California,(888) 270-6855,https://plus.google.com/108762390549534101370/about?hl=en
Avalon at Mission Bay North,"255 King St, San Francisco, CA 94107, United States",san francisco California,(415) 354-4506,https://plus.google.com/115388087176681223742/about?hl=en
The Gateway Apartments,"460 Davis Ct, San Francisco, CA 94111, United States",san francisco California,(866) 270-9902,https://plus.google.com/103412646291480300966/about?hl=en
Villa Marina Apartments,"550 Central Ave # 301, Alameda, CA 94501, United States",san francisco California,(510) 865-2875,https://plus.google.com/109268355949877306953/about?hl=en
"The Ritz-Carlton Club, San Francisco","690 Market St, San Francisco, CA 94104, United States",san francisco California,(415) 781-9000,https://plus.google.com/107610080119283186132/about?hl=en
Balmoral Hotel,"706 Kearny St, San Francisco, CA 94108, United States",san francisco California,(415) 956-8858,https://plus.google.com/108802909752038622426/about?hl=en
Evergreen Ridge Apartments,"3815 Susan Dr, San Bruno, CA 94066, United States",san francisco California,(650) 359-1757,https://plus.google.com/105559741964918037510/about?hl=en
Lafayette Patio Apartments,"3520 Brook St, Lafayette, CA 94549, United States",san francisco California,(925) 284-1915,https://plus.google.com/101349104369876775703/about?hl=en
Hanford Freund & Company,"47 Kearny St, San Francisco, CA 94108, United States",san francisco California,(415) 981-5780,https://plus.google.com/107203826941093954406/about?hl=en
Baycliff Apartments,"2300 Lancaster Dr, Richmond, CA 94806, United States",san francisco California,(888) 586-1355,https://plus.google.com/100528826135939927801/about?hl=en
Ben Hur Apartments,"400 Hyde St # 101, San Francisco, CA 94109, United States",san francisco California,(415) 474-8052,https://plus.google.com/108456142295747146864/about?hl=en
Casa Luna San Francisco,"4058 17th St, San Francisco, CA 94114, United States",san francisco California,(415) 738-8121,https://plus.google.com/114540108332661224996/about?hl=en
Vantaggio Suites,"835 Turk St, San Francisco, CA 94102, United States",san francisco California,(415) 922-0111,https://plus.google.com/109536002793987921780/about?hl=en
NorthPoint Apartments,"2211 Stockton St, San Francisco, CA 94133, United States",san francisco California,(415) 400-5295,https://plus.google.com/107722628716865242181/about?hl=en
Webster Tower & Terrace,"1489 Webster St # 101, San Francisco, CA 94115, United States",san francisco California,(415) 931-6300,https://plus.google.com/114718577691505139618/about?hl=en
Crystal Tower Apartments,"2140 Taylor St, San Francisco, CA 94133, United States",san francisco California,(415) 885-0333,https://plus.google.com/101568911888427082842/about?hl=en
Serramonte Ridge Apartments,"862 Campus Dr, Daly City, CA 94015, United States",san francisco California,(650) 997-0400,https://plus.google.com/107350141276960898686/about?hl=en
Central Apartments,"574 3rd St #101, San Francisco, CA 94107, United States",san francisco California,(415) 981-2605,https://plus.google.com/111579546973992581581/about?hl=en
Chandler Properties,"2799 California St, San Francisco, CA 94115, United States",san francisco California,(415) 921-5733,https://plus.google.com/113952705983405415065/about?hl=en
Potrero Launch Apartments,"2235 3rd St, San Francisco, CA 94107, United States",san francisco California,(415) 626-3100,https://plus.google.com/102553621964832539090/about?hl=en
Apartments,"10 De Sabla Rd, San Mateo, CA 94402, United States",san francisco California,(650) 344-2510,https://plus.google.com/108028262404511756544/about?hl=en
Coral Court Apartments,"1491 Detroit Ave, Concord, CA 94520, United States",san francisco California,(925) 686-1761,https://plus.google.com/103457340424498794897/about?hl=en
Westlake Village Apartments,"333 Park Plaza Dr, Daly City, CA 94015, United States",san francisco California,(650) 755-8133,https://plus.google.com/104934507623679127506/about?hl=en
Mill Creek Apartments,"440 Dixon Landing Rd, Milpitas, CA 95035, United States",bayshore California,(408) 946-2955,https://plus.google.com/114736771889457543264/about?hl=en
Orchard Glen Apartments by Prometheus,"101 Saratoga Ave, Santa Clara, CA 95051, United States",bayshore California,(408) 246-1226,https://plus.google.com/107396159125991704372/about?hl=en
Greenpointe Apartment Homes,"1599 Warburton Ave, Santa Clara, CA 95050, United States",bayshore California,(877) 268-2574,https://plus.google.com/108058136826230753616/about?hl=en
Hastings Terrace Apartments,"38660 Hastings St # 109, Fremont, CA 94536, United States",bayshore California,(510) 793-2535,https://plus.google.com/108783395648311182662/about?hl=en
Peartree Apartments,"330 N Mathilda Ave, Sunnyvale, CA 94085, United States",bayshore California,(408) 737-2900,https://plus.google.com/103712923419758111925/about?hl=en
Sharon Green Apartments,"350 Sharon Park Dr, Menlo Park, CA 94025, United States",bayshore California,(650) 854-3900,https://plus.google.com/117056041417725047072/about?hl=en
Parkside Apartment Homes,"355 N Wolfe Rd, Sunnyvale, CA 94085, United States",bayshore California,(408) 736-4963,https://plus.google.com/117628213015064644251/about?hl=en
Waterstone At Fremont,"39600 Fremont Blvd, Fremont, CA 94538, United States",bayshore California,(510) 240-9405,https://plus.google.com/108481827398491074809/about?hl=en
Nantucket Apartments,"1600 Nantucket Cir, Santa Clara, CA 95054, United States",bayshore California,(408) 565-9960,https://plus.google.com/106167240878658199323/about?hl=en
Park Orchard Apartments,"605 Orchard Ave, Hayward, CA 94544, United States",bayshore California,(510) 886-1055,https://plus.google.com/109940977120871738188/about?hl=en
Summerwood Apartments,"444 Saratoga Ave, Santa Clara, CA 95050, United States",bayshore California,(408) 241-1445,https://plus.google.com/111062075526430686270/about?hl=en
Sunnyvale Town Center Apartments,"201 W California Ave, Sunnyvale, CA 94086, United States",bayshore California,(408) 733-4733,https://plus.google.com/107784324163230127307/about?hl=en
Muir Creek Apartments,"486 Morello Ave, Martinez, CA 94553, United States",bayshore California,(925) 228-0760,https://plus.google.com/105740325294774042318/about?hl=en
Berry Tree Apartments,"575 Berry Ave, Hayward, CA 94544, United States",bayshore California,(510) 582-5240,https://plus.google.com/115914155067225199242/about?hl=en
Kirkwood Village,"1630 W Campbell Ave, Campbell, CA 95008, United States",bayshore California,(408) 866-1005,https://plus.google.com/106188555048529575805/about?hl=en
Scotchollow Apartment Homes,"203 Laurie Meadows Dr, San Mateo, CA 94403, United States",bayshore California,(650) 425-3914,https://plus.google.com/108879544846782791227/about?hl=en
Valley Ridge Apartment Homes,"900 Roanoke Dr, Martinez, CA 94553, United States",bayshore California,(925) 452-7910,https://plus.google.com/107707589919218139965/about?hl=en
Lakeside Apartments,"4170 Springlake Dr, San Leandro, CA 94578, United States",bayshore California,(510) 352-5900,https://plus.google.com/115340181624608616771/about?hl=en
Avalon Ocean Avenue,"1200 Ocean Ave, San Francisco, CA 94112, United States",bayshore California,(415) 404-7453,https://plus.google.com/114148286293971708244/about?hl=en
CitySouth,"3055 La Selva, San Mateo, CA 94403, United States",bayshore California,(650) 341-9900,https://plus.google.com/102516444876480923130/about?hl=en
Parkwood Apartments,"1032 W Remington Dr, Sunnyvale, CA 94087, United States",bayshore California,(408) 502-5305,https://plus.google.com/115557590035146498664/about?hl=en
Coldwell Banker Residential Brokerage,"2633 Ocean Ave, San Francisco, CA 94132, United States",bayshore California,(415) 334-1880,https://plus.google.com/100505785131819393353/about?hl=en
Oak Creek Apartments,"1600 Sand Hill Rd, Palo Alto, CA 94304, United States",south san francisco California,(650) 321-1701,https://plus.google.com/103688126303651228790/about?hl=en
Peninsula Pines Apartments,"852 Antoinette Ln, South San Francisco, CA 94080, United States",south san francisco California,(650) 589-2909,https://plus.google.com/114571166399039267194/about?hl=en
Harbor Cove Apartments,"900 E Hillsdale Blvd, Foster City, CA 94404, United States",south san francisco California,(415) 688-2085,https://plus.google.com/118363270749889645648/about?hl=en
Sand Cove Apartments,"777 Shell Blvd, Foster City, CA 94404, United States",south san francisco California,(866) 849-2126,https://plus.google.com/107341214902778656909/about?hl=en
City Gate at Cupertino Apartments,"5608 Stevens Creek Blvd, Cupertino, CA 95014, United States",south san francisco California,(408) 255-6750,https://plus.google.com/106653778369359368666/about?hl=en
Lafayette Highlands Apartments,"1076 Carol Ln, Lafayette, CA 94549, United States",south san francisco California,(925) 284-2586,https://plus.google.com/104342729246671264382/about?hl=en
Markham Apartments by Prometheus,"20800 Homestead Rd, Cupertino, CA 95014, United States",south san francisco California,(408) 257-1060,https://plus.google.com/113887171691429213126/about?hl=en
The Bluffs at Pacifica Apartments,"380 Esplanade Ave, Pacifica, CA 94044, United States",san bruno California,(650) 557-4116,https://plus.google.com/105447695653437372923/about?hl=en
eaves Foster City,"700 Marlin Ave, Foster City, CA 94404, United States",san bruno California,(650) 372-8336,https://plus.google.com/109379055812295742152/about?hl=en
Hillside Courtyard Apartments,"415 A St #101, Daly City, CA 94014, United States",san bruno California,(650) 991-0777,https://plus.google.com/112547415617853120390/about?hl=en
South City Station Apartments,"101 McLellan Drive, South San Francisco, CA 94080, United States",san bruno California,(650) 588-0220,https://plus.google.com/108779910748934983746/about?hl=en
Carlyle Apartments,"4500 Carlyle Ct, Santa Clara, CA 95054, United States",millbrae California,(408) 988-7500,https://plus.google.com/114519325488304792568/about?hl=en
Birch Creek,"575 S Rengstorff Ave, Mountain View, CA 94040, United States",millbrae California,(650) 282-3083,https://plus.google.com/103785147354807259579/about?hl=en
Riva Terra Apartments at Redwood Shores,"850 Davit Ln, Redwood City, CA 94065, United States",millbrae California,(650) 591-8906,https://plus.google.com/110768578114675531022/about?hl=en
Bel Air Apartments,"2000 Shoreline Cir, San Ramon, CA 94582, United States",millbrae California,(925) 735-3047,https://plus.google.com/107541079508563657814/about?hl=en
550 Moreland Apartments by Prometheus,"550 Moreland Way, Santa Clara, CA 95054, United States",millbrae California,(866) 451-2806,https://plus.google.com/102337901585273081738/about?hl=en
Hillsborough Plaza Apartments,"250 Baldwin Ave, San Mateo, CA 94401, United States",burlingame California,(650) 440-7285,https://plus.google.com/104509017493005398419/about?hl=en
Pescadero Apartments,"950 Redwood Shores Pkwy, Redwood City, CA 94065, United States",burlingame California,(650) 591-6666,https://plus.google.com/114729751730767011058/about?hl=en
Marlin Cove Apartments,"1060 Foster City Blvd, Foster City, CA 94404, United States",burlingame California,(650) 349-3200,https://plus.google.com/100033712151512533044/about?hl=en
Bay Terrace,"3204 Casa De Campo Way, San Mateo, CA 94403, United States",burlingame California,(650) 288-4227,https://plus.google.com/115544057204455561422/about?hl=en
Bridgepointe Apartments,"1987 Bridgepointe Cir, San Mateo, CA 94404, United States",burlingame California,(877) 271-1549,https://plus.google.com/113775894614311491919/about?hl=en
Water's Edge Apartments,"1200 E Hillsdale Blvd, Foster City, CA 94404, United States",burlingame California,(650) 341-6700,https://plus.google.com/110700002451070686431/about?hl=en
The Glen Apartments,"200 Davey Glen Rd, Belmont, CA 94002, United States",burlingame California,(650) 264-9696,https://plus.google.com/103657597423233051353/about?hl=en
Belmont Terrace Apartments,"1060 Continentals Way, Belmont, CA 94002, United States",burlingame California,(650) 591-1143,https://plus.google.com/110748437979385531905/about?hl=en
Metropolitan Apartments by Prometheus,"338 S Fremont St, San Mateo, CA 94401, United States",burlingame California,(650) 348-6130,https://plus.google.com/106167782297139756384/about?hl=en
Northpark Apartments,"1080 Carolan Ave, Burlingame, CA 94010, United States",burlingame California,(650) 342-2301,https://plus.google.com/115393758781098202830/about?hl=en
Beach Cove Apartments,"703 Catamaran St, Foster City, CA 94404, United States",san mateo California,(844) 325-4744,https://plus.google.com/110249801004051563487/about?hl=en
Briarwood Apartments,"180 Pasito Terrace, Sunnyvale, CA 94086, United States",san mateo California,(408) 733-3049,https://plus.google.com/107360883845332558810/about?hl=en
707 Leahy Apartments,"707 Leahy St, Redwood City, CA 94061, United States",hayward park California,(650) 241-1641,https://plus.google.com/101670848553580793922/about?hl=en
Vittoria Management,"459 Hamilton Ave, Palo Alto, CA 94301, United States",hayward park California,(650) 321-1000,https://plus.google.com/115092062850301289755/about?hl=en
Prado Apartment Homes,"6304 Rancho Mission Rd, San Diego, CA 92108, United States",hillsdale California,(619) 280-5383,https://plus.google.com/117075879027942527480/about?hl=en
The Villas of Renaissance,"5280 Fiore Terrace, San Diego, CA 92122, United States",hillsdale California,(858) 453-7368,https://plus.google.com/107902089703589878637/about?hl=en
Archstone La Mesa,"5679 Amaya Dr, La Mesa, CA 91942, United States",hillsdale California,(619) 463-1116,https://plus.google.com/103176046475804602038/about?hl=en
Valentia Apartments,"5305 Toscana Way, San Diego, CA 92122, United States",hillsdale California,(855) 365-1913,https://plus.google.com/114865760139103773207/about?hl=en
Dorchester Apartments,"6595 Montezuma Rd, San Diego, CA 92115, United States",hillsdale California,(619) 583-8084,https://plus.google.com/111123385696958337608/about?hl=en
Eucalyptus Grove Apartments,"67 E Flower St, Chula Vista, CA 91910, United States",hillsdale California,(619) 270-5895,https://plus.google.com/106344146693176897746/about?hl=en
Ashwood Apartments,"10112 Ashwood St, Lakeside, CA 92040, United States",hillsdale California,(619) 443-1720,https://plus.google.com/113715886054032609470/about?hl=en
La Jolla International Gardens,"3417 Lebon Dr, San Diego, CA 92122, United States",hillsdale California,(858) 587-9997,https://plus.google.com/100534281322615774126/about?hl=en
Mission Pacific Apartments,"4424 44th St, San Diego, CA 92115, United States",hillsdale California,(888) 704-5204,https://plus.google.com/115263222248953285424/about?hl=en
Meadowbrook Apartments,"7844 Paradise Valley Rd, San Diego, CA 92139, United States",hillsdale California,(619) 479-6565,https://plus.google.com/109405070037854862382/about?hl=en
Modernaire Apartments,"2420 Cardinal Dr, San Diego, CA 92123, United States",hillsdale California,(858) 565-0311,https://plus.google.com/116095459501621255013/about?hl=en
Talmadge Canyon Park,"4850 Talmadge Park Row, San Diego, CA 92115, United States",hillsdale California,(619) 284-5285,https://plus.google.com/112803508282025554225/about?hl=en
Hourglass Park Apartments,"9505 Gold Coast Dr, San Diego, CA 92126, United States",hillsdale California,(858) 271-4151,https://plus.google.com/106283823463437516604/about?hl=en
La Regencia Apartments,"7681 Palmilla Dr, San Diego, CA 92122, United States",hillsdale California,(866) 835-1449,https://plus.google.com/116492544887350718670/about?hl=en
Santee Villas,"10445 Mast Blvd, Santee, CA 92071, United States",hillsdale California,(877) 713-3968,https://plus.google.com/118194337170276518427/about?hl=en
The Promenade at Rio Vista Apartment Homes,"8685 Rio San Diego Dr, San Diego, CA 92108, United States",hillsdale California,(619) 293-3888,https://plus.google.com/111010136845354894097/about?hl=en
Teresina Apartments,"1250 Santa Cora Ave, Chula Vista, CA 91913, United States",hillsdale California,(619) 216-8884,https://plus.google.com/113795044681352104250/about?hl=en
Hidden Cove Apartments,"910 Del Dios Hwy, Escondido, CA 92029, United States",hillsdale California,(760) 291-8098,https://plus.google.com/100372598562592765663/about?hl=en
Woodside Apartments,"12001 Woodside Ave, Lakeside, CA 92040, United States",hillsdale California,(619) 561-2320,https://plus.google.com/115903703434230863612/about?hl=en
Navajo Bluffs,"6575 Jaffe Ct, San Diego, CA 92119, United States",hillsdale California,(877) 713-3956,https://plus.google.com/118402944977696028096/about?hl=en
Eagles Point Apartments,"1501 E Grand Ave, Escondido, CA 92027, United States",hillsdale California,(760) 489-9272,https://plus.google.com/101006940816897548428/about?hl=en
Broadway Lofts,"1007 5th Ave, San Diego, CA 92101, United States",hillsdale California,(619) 610-0954,https://plus.google.com/114000473632375168924/about?hl=en
Parkway Plaza Apartments,"7576 Parkway Dr, La Mesa, CA 91942, United States",hillsdale California,(619) 460-5241,https://plus.google.com/112360453890422839153/about?hl=en
Colima Linda Apartments,"7575 Linda Vista Rd, San Diego, CA 92111, United States",hillsdale California,(858) 279-7410,https://plus.google.com/115927520003135798306/about?hl=en
Mission Arbor Apartments,"4555 Vandever Ave, San Diego, CA 92120, United States",hillsdale California,(619) 281-4006,https://plus.google.com/117996122416160342540/about?hl=en
La Mesa Palms,"4300 Echo Ct, La Mesa, CA 91941, United States",hillsdale California,(619) 463-5393,https://plus.google.com/106108882864157120400/about?hl=en
Mira Bella,"3455 Kearny Villa Rd, San Diego, CA 92123, United States",hillsdale California,(858) 560-5720,https://plus.google.com/101812373802671033103/about?hl=en
Camden Tuscany Apartments,"1670 Kettner Blvd Ste 2, San Diego, CA 92101, United States",hillsdale California,(619) 255-4000,https://plus.google.com/103331581610526946293/about?hl=en
Waring Gardens Apartments,"5320 Adobe Falls Rd, San Diego, CA 92120, United States",hillsdale California,(877) 713-4583,https://plus.google.com/100043097074067353325/about?hl=en
Laurel Park Apartments,"10122 Buena Vista Ave, Santee, CA 92071, United States",hillsdale California,(619) 448-8282,https://plus.google.com/110149003317998116036/about?hl=en
Wintercrest Village Apartments,"12002 Wintercrest Dr, Lakeside, CA 92040, United States",hillsdale California,(619) 443-6702,https://plus.google.com/104685496660881520051/about?hl=en
Gramercy Apartments,"9072 Gramercy Dr, San Diego, CA 92123, United States",hillsdale California,(858) 565-9081,https://plus.google.com/116479606369560214190/about?hl=en
Las Flores Apartments,"7039 Charmant Dr, San Diego, CA 92122, United States",hillsdale California,(858) 457-5161,https://plus.google.com/117108222134699338552/about?hl=en
Fiesta Apartments,"5150 Balboa Arms Dr, San Diego, CA 92117, United States",hillsdale California,(858) 571-0104,https://plus.google.com/101417778632241314137/about?hl=en
Esplanade Apartments,"10201 Camino Ruiz, San Diego, CA 92126, United States",hillsdale California,(858) 578-1632,https://plus.google.com/100359419605241355707/about?hl=en
Prominence Apartments,"601 S Twin Oaks Valley Rd, San Marcos, CA 92078, United States",hillsdale California,(760) 798-2632,https://plus.google.com/105188924764423416448/about?hl=en
AVA Pacific Beach,"3883 Ingraham St, San Diego, CA 92109, United States",hillsdale California,(858) 666-2423,https://plus.google.com/109784571587681084028/about?hl=en
Axiom La Jolla,"3950 Mahaila Ave, San Diego, CA 92122, United States",hillsdale California,(888) 271-6704,https://plus.google.com/102351058655228084368/about?hl=en
Aztec Corner Apartments,"5504 Montezuma Rd, San Diego, CA 92115, United States",hillsdale California,(619) 582-4074,https://plus.google.com/104530209873351424298/about?hl=en
Gables Summerset,"11102 Caminito Alvarez, San Diego, CA 92126, United States",hillsdale California,(858) 530-2100,https://plus.google.com/107445303218756598476/about?hl=en
Regents Court Apartments,"8465 Regents Rd, San Diego, CA 92122, United States",hillsdale California,(858) 678-0550,https://plus.google.com/116672215667429846967/about?hl=en
Bernardo Crest,"11820 Paseo Lucido, San Diego, CA 92128, United States",hillsdale California,(866) 671-1752,https://plus.google.com/102198564954472860737/about?hl=en
Countryside Apartments,"12556 Oak Knoll Rd, Poway, CA 92064, United States",hillsdale California,(858) 748-4774,https://plus.google.com/100914315541937255404/about?hl=en
Westbrook Apartments,"7194 Schilling Ave, San Diego, CA 92126, United States",hillsdale California,(858) 693-1175,https://plus.google.com/101574484266982000093/about?hl=en
Lakeview Village,"3115 Sweetwater Springs Blvd, Spring Valley, CA 91978, United States",hillsdale California,(619) 670-6400,https://plus.google.com/112474789863857690600/about?hl=en
Casa De Helix Apartments,"3903 Conrad Dr, Spring Valley, CA 91977, United States",hillsdale California,(866) 894-6343,https://plus.google.com/102892395373820964452/about?hl=en
Hunter's Run Apartments,"532 Broadway, El Cajon, CA 92021, United States",hillsdale California,(619) 447-3000,https://plus.google.com/101088151267012031680/about?hl=en
Bay Vista Suites & Apartments,"561 Mc Intosh St, Chula Vista, CA 91910, United States",hillsdale California,(619) 427-0190,https://plus.google.com/104452036444433425269/about?hl=en
Sycamore Greens Apartment Homes,"1982 Wellington Ln, Vista, CA 92081, United States",hillsdale California,(760) 598-9000,https://plus.google.com/107349259799106282904/about?hl=en
River Run Village,"2265 River Run Dr, San Diego, CA 92108, United States",hillsdale California,(619) 280-4988,https://plus.google.com/102956890850310802218/about?hl=en
900 F Street Apartments,"900 F St, San Diego, CA 92101, United States",hillsdale California,(619) 233-4787,https://plus.google.com/112874540253750311835/about?hl=en
McLain Properties,"2715 Carlsbad Blvd, Carlsbad, CA 92008, United States",hillsdale California,(760) 434-6161,https://plus.google.com/117203098752660330455/about?hl=en
Coldwell Banker Royal Realty,"861 Anchorage Pl, Chula Vista, CA 91914, United States",hillsdale California,(619) 651-7000,https://plus.google.com/116326630917407113540/about?hl=en
FBS Property Management,"6398 Del Cerro Blvd #8, San Diego, CA 92120, United States",hillsdale California,(619) 286-7600,https://plus.google.com/102908826094134012600/about?hl=en
Allegro Towers,"1455 Kettner Blvd, San Diego, CA 92101, United States",hillsdale California,(619) 595-7801,https://plus.google.com/105854998629553983870/about?hl=en
Windrift Apartments,"3500 Windrift Way, Oceanside, CA 92056, United States",hillsdale California,(760) 208-2785,https://plus.google.com/116520468712797860051/about?hl=en
Costa Verde Apartments,"8720 Costa Verde Blvd, San Diego, CA 92122, United States",hillsdale California,(888) 830-9456,https://plus.google.com/103276510338744700985/about?hl=en
600 Front Apartments,"600 Front St, San Diego, CA 92101, United States",hillsdale California,(619) 231-9600,https://plus.google.com/116342532707564405413/about?hl=en
Tierra Del Sol Apartments,"989 Peach Ave, El Cajon, CA 92021, United States",hillsdale California,(619) 334-6948,https://plus.google.com/112273245509288929087/about?hl=en
Pomerado Garden Apartments,"12330 9th St, Poway, CA 92064, United States",hillsdale California,(858) 486-4834,https://plus.google.com/105606388257819495128/about?hl=en
Elan At River Oaks Apartments,"345 Village Center Dr, San Jose, CA 95134, United States",bellmont California,(408) 456-0700,https://plus.google.com/100887932281215181130/about?hl=en
Cedar Glen Apartments,"2275 S Bascom Ave, Campbell, CA 95008, United States",bellmont California,(408) 377-2331,https://plus.google.com/101705760152946437449/about?hl=en
The Marc Palo Alto,"501 Forest Ave, Palo Alto, CA 94301, United States",bellmont California,(650) 352-3601,https://plus.google.com/107753378317570211008/about?hl=en
Highland Gardens Apartments,"234 Escuela Ave, Mountain View, CA 94040, United States",bellmont California,(877) 745-9314,https://plus.google.com/115022743179669143130/about?hl=en
eaves Creekside,"151 Calderon Ave, Mountain View, CA 94041, United States",bellmont California,(650) 528-2129,https://plus.google.com/104764052908197657514/about?hl=en
Windsor Ridge,"825 E Evelyn Ave, Sunnyvale, CA 94086, United States",bellmont California,(408) 733-2306,https://plus.google.com/102396847821970195281/about?hl=en
Mansion Grove Apartments by Prometheus,"502 Mansion Park Dr, Santa Clara, CA 95054, United States",bellmont California,(408) 980-0502,https://plus.google.com/107821232312692144749/about?hl=en
Sequoia Apartment Homes,"1212 Whipple Ave, Redwood City, CA 94062, United States",san carlos California,(650) 381-9788,https://plus.google.com/111505937216477535240/about?hl=en
The Enclave - CA,"4343 Renaissance Dr, San Jose, CA 95134, United States",san carlos California,(408) 618-0044,https://plus.google.com/108018257372684476156/about?hl=en
The Redwoods,"150 Alicante Dr, San Jose, CA 95134, United States",san carlos California,(408) 570-5040,https://plus.google.com/117276437524010054268/about?hl=en
Central Park At Whisman Station,"100 N Whisman Rd, Mountain View, CA 94043, United States",redwood city California,(877) 516-8284,https://plus.google.com/101685470630307123875/about?hl=en
River Terrace,"730 Agnew Rd, Santa Clara, CA 95054, United States",redwood city California,(408) 512-2708,https://plus.google.com/104651013029869048467/about?hl=en
Grove Apartments,"243 Buena Vista Ave, Sunnyvale, CA 94086, United States",redwood city California,(408) 733-9095,https://plus.google.com/115898549655004959898/about?hl=en
Crossing At Montague Apartments,"755 E Capitol Ave, Milpitas, CA 95035, United States",redwood city California,(408) 586-9001,https://plus.google.com/111594516105420057428/about?hl=en
Franklin Street,"1553 El Camino Real, Redwood City, CA 94063, United States",redwood city California,(650) 216-6886,https://plus.google.com/109583069755023575269/about?hl=en
Villa Del Sol Apartments,"355 E Evelyn Ave, Sunnyvale, CA 94086, United States",menlo park California,(408) 359-8979,https://plus.google.com/108327068096894095897/about?hl=en
Heritage Park Apartments,"555 E Washington Ave, Sunnyvale, CA 94086, United States",menlo park California,(877) 396-9296,https://plus.google.com/106507999810633270723/about?hl=en
Marina Playa Apartments,"3500 Granada Ave, Santa Clara, CA 95051, United States",menlo park California,(408) 549-1209,https://plus.google.com/103227533412542552488/about?hl=en
Spruce Apartments,"655 S Fair Oaks Ave, Sunnyvale, CA 94086, United States",menlo park California,(408) 735-9780,https://plus.google.com/108156063599626757628/about?hl=en
Shoreline Village Apartments,"505 Central Ave, Mountain View, CA 94043, United States",menlo park California,(650) 968-8384,https://plus.google.com/113484628887251632388/about?hl=en
Remington Grove Apartments,"575 E Remington Dr, Sunnyvale, CA 94087, United States",menlo park California,(408) 245-6710,https://plus.google.com/114564469399767466507/about?hl=en
Seven Oaks Apartments,"600 Sharon Park Dr, Menlo Park, CA 94025, United States",menlo park California,(650) 854-2651,https://plus.google.com/110485083190090306150/about?hl=en
Stanford West Apartments,"700 Clark Way, Palo Alto, CA 94304, United States",menlo park California,(888) 482-3584,https://plus.google.com/104788339601790363440/about?hl=en
Avalon Mountain View,"1600 Villa St, Mountain View, CA 94041, United States",menlo park California,(650) 528-2128,https://plus.google.com/103031326133812648501/about?hl=en
Waterford Place,"1700 N 1st St, San Jose, CA 95112, United States",menlo park California,(408) 437-1900,https://plus.google.com/108299449012553457697/about?hl=en
The Arches Apartments,"1235 Wildwood Ave, Sunnyvale, CA 94089, United States",menlo park California,(844) 328-9442,https://plus.google.com/118273555246160703176/about?hl=en
Casa Alberta Apartments,"1575 Tenaka Pl, Sunnyvale, CA 94087, United States",palo auto California,(408) 732-9450,https://plus.google.com/115518868267306593561/about?hl=en
Arioso Apartments,"19608 Pruneridge Ave, Cupertino, CA 95014, United States",palo auto California,(408) 873-9090,https://plus.google.com/107354641701179196763/about?hl=en
Mission Peaks,"1401 Red Hawk Cir, Fremont, CA 94538, United States",palo auto California,(510) 494-9500,https://plus.google.com/101332432234809252780/about?hl=en
Creekside Park Apartments,"1130 4th St, Santa Rosa, CA 95404, United States",san antionio California,(707) 544-1400,https://plus.google.com/107069331230422464283/about?hl=en
La Casa Novato Apartments,"450 Entrada Dr, Novato, CA 94949, United States",san antionio California,(415) 883-9600,https://plus.google.com/111443661662901572095/about?hl=en
Altamont Senior Apartments,"300 Enterprise Dr, Rohnert Park, CA 94928, United States",san antionio California,(707) 584-0655,https://plus.google.com/105269923476907673167/about?hl=en
Creekside Apartments,"2575 Sir Francis Drake Blvd # 20, Fairfax, CA 94930, United States",san antionio California,(415) 459-2900,https://plus.google.com/117526141644962518919/about?hl=en
Enclave at Adobe Creek,"1 Lakeville Cir, Petaluma, CA 94954, United States",san antionio California,(707) 778-1221,https://plus.google.com/115339206679353383716/about?hl=en
Lincoln Villa Apartments,"1825 Lincoln Ave, San Rafael, CA 94901, United States",san antionio California,(415) 453-6204,https://plus.google.com/101576770301627033177/about?hl=en
Highlands of Marin,"1001 Cresta Way, San Rafael, CA 94903, United States",san antionio California,(415) 578-4349,https://plus.google.com/112258276206187128422/about?hl=en
Redwood Grove Apartments,"7015 Fellers Ln, Sebastopol, CA 95472, United States",san antionio California,(707) 823-0730,https://plus.google.com/116251842694361000060/about?hl=en
Broadstone at Sterling Village,"88 Valle Vista Ave, Vallejo, CA 94590, United States",san antionio California,(707) 653-5931,https://plus.google.com/103638621054709398083/about?hl=en
Azure at Lakeville Square,"2620 Lakeville Hwy #330, Petaluma, CA 94954, United States",san antionio California,(888) 284-2778,https://plus.google.com/107997210006431411735/about?hl=en
Capri Creek Apartments,"1900 Sestri Ln, Petaluma, CA 94954, United States",san antionio California,(707) 766-6881,https://plus.google.com/111831578877681248621/about?hl=en
Woodlark Apartments,"965 Magnolia Ave, Larkspur, CA 94939, United States",san antionio California,(415) 924-1196,https://plus.google.com/112524800422727511040/about?hl=en
Bella Vista at Hilltop,"3400 Richmond Pkwy, Richmond, CA 94806, United States",san antionio California,(510) 223-2000,https://plus.google.com/115298788057378421546/about?hl=en
Park Villa Apartments,"2389 McBride Ln, Santa Rosa, CA 95403, United States",san antionio California,(707) 579-5605,https://plus.google.com/101097144962005323102/about?hl=en
Montecito Pines Apartments,"6600 Montecito Blvd # 63, Santa Rosa, CA 95409, United States",san antionio California,(707) 538-1516,https://plus.google.com/110895710644038588257/about?hl=en
Oakhill Apartment Homes,"216 Marin St, San Rafael, CA 94901, United States",san antionio California,(415) 459-3577,https://plus.google.com/108936039599585263639/about?hl=en
eaves San Rafael,"300 Channing Way, San Rafael, CA 94903, United States",san antionio California,(415) 223-0828,https://plus.google.com/114215552719393077537/about?hl=en
BAY VILLAGE,"1107 Porter Street, Vallejo, CA 94590, United States",san antionio California,(707) 648-1900,https://plus.google.com/117508618061036221822/about?hl=en
Park Central Apartment Homes,"1400 Technology Ln, Petaluma, CA 94954, United States",san antionio California,(707) 559-9571,https://plus.google.com/112025587645336078547/about?hl=en
Marin Garden Apartments,"124 Merrydale Rd, San Rafael, CA 94903, United States",san antionio California,(415) 492-2180,https://plus.google.com/114794797920849263715/about?hl=en
Burbank Heights & Orchard Senior Housing,"7777 Bodega Ave, Sebastopol, CA 95472, United States",san antionio California,(707) 823-1361,https://plus.google.com/118329703889976542272/about?hl=en
Acacia Apartments,"4656 Quigg Dr, Santa Rosa, CA 95409, United States",san antionio California,(707) 361-4060,https://plus.google.com/101904335421677004765/about?hl=en
Archstone Walnut Creek,"1445 Treat Blvd, Walnut Creek, CA 94597, United States",san antionio California,(925) 943-7977,https://plus.google.com/102178661286730617140/about?hl=en
Oak Creek Apartments,"150 Graylawn Ave, Petaluma, CA 94952, United States",san antionio California,(707) 762-5126,https://plus.google.com/106011620317385589285/about?hl=en
Terra Linda Manor,"101 Nova Albion Way # 1, San Rafael, CA 94903, United States",san antionio California,(415) 492-9660,https://plus.google.com/114652662864114319356/about?hl=en
Village At Town Center Apartments,"10810 San Pablo Ave, El Cerrito, CA 94530, United States",san antionio California,(510) 236-2860,https://plus.google.com/104228684244827639467/about?hl=en
Mountain Shadows Apartments,"160 Golf Course Dr, Rohnert Park, CA 94928, United States",san antionio California,(707) 766-9500,https://plus.google.com/111468053851384353972/about?hl=en
McInnis Park Apartments,"10-90 North Ave, San Rafael, CA 94903, United States",san antionio California,(415) 491-1125,https://plus.google.com/116996758082558997430/about?hl=en
Maribelle Apartment Homes,"750 Apple Creek Ln, Santa Rosa, CA 95401, United States",san antionio California,(866) 837-6172,https://plus.google.com/105438013994203785526/about?hl=en
Austin Creek Apartments,"55 Valle Vista Ave, Vallejo, CA 94590, United States",san antionio California,(707) 644-3322,https://plus.google.com/102137379469115654830/about?hl=en
The Lodge At Napa Junction,"5500 Eucalyptus Dr, American Canyon, CA 94503, United States",san antionio California,(707) 645-8888,https://plus.google.com/101299825457570154958/about?hl=en
Vintage Chateau,"333 N Mcdowell Blvd., Petaluma, CA 94954, United States",san antionio California,(707) 781-1993,https://plus.google.com/107324059115101995691/about?hl=en
The Tides,"3185 Garrity Way, Richmond, CA 94806, United States",san antionio California,(510) 758-6874,https://plus.google.com/103087508114317870963/about?hl=en
Citra Apartments,"745 S Bernardo Ave, Sunnyvale, CA 94087, United States",mountain view California,(408) 384-8887,https://plus.google.com/104071051087129569706/about?hl=en
Greendale Apartments,"1200 Dale Ave, Mountain View, CA 94040, United States",mountain view California,(650) 389-9367,https://plus.google.com/104223533644362676608/about?hl=en
Bay Tree,"347 Massol Ave, Los Gatos, CA 95030, United States",mountain view California,(408) 354-7317,https://plus.google.com/103899368321630587379/about?hl=en
Pavona Apartments,"760 N 7th St, San Jose, CA 95112, United States",mountain view California,(866) 575-9826,https://plus.google.com/100228071919035769417/about?hl=en
Halford Gardens Apartments,"1901 Halford Ave, Santa Clara, CA 95051, United States",mountain view California,(408) 502-5355,https://plus.google.com/103705817965302538507/about?hl=en
Spring Creek Apartments,"100 Buckingham Dr, Santa Clara, CA 95051, United States",mountain view California,(408) 214-1714,https://plus.google.com/105848468725555080344/about?hl=en
Bella Vista Apartments,"1500 Vista Club Cir, Santa Clara, CA 95054, United States",mountain view California,(408) 496-6300,https://plus.google.com/103229092433451053826/about?hl=en
Cherryhill Apartments,"902 W Remington Dr, Sunnyvale, CA 94087, United States",mountain view California,(408) 736-8658,https://plus.google.com/112951302367618265351/about?hl=en
Bristol Commons,"732 E Evelyn Ave, Sunnyvale, CA 94086, United States",mountain view California,(408) 720-8566,https://plus.google.com/101582961114846512895/about?hl=en
Renaissance Apartment Homes,"718 Old San Francisco Rd, Sunnyvale, CA 94086, United States",sunnyvale California,(650) 265-2120,https://plus.google.com/103583494071411979778/about?hl=en
Siena Apartment Homes,"7375 Rollingdell Dr, Cupertino, CA 95014, United States",sunnyvale California,(408) 996-1006,https://plus.google.com/115999771590689007803/about?hl=en
Old Orchard Apartments,"2200 Monroe St, Santa Clara, CA 95050, United States",sunnyvale California,(408) 244-0900,https://plus.google.com/106484169554428053484/about?hl=en
Avalon Silicon Valley,"1257 Lakeside Dr, Sunnyvale, CA 94085, United States",sunnyvale California,(408) 664-2724,https://plus.google.com/101949199587057711491/about?hl=en
Northwinds Apartments,"1311 George Ct, Lawrence, KS 66044, United States",lawrence California,(785) 843-2720,https://plus.google.com/100887206043408425043/about?hl=en
Holiday Apartments,"211 Mt Hope Ct, Lawrence, KS 66044, United States",lawrence California,(785) 843-0011,https://plus.google.com/100073678834119828049/about?hl=en
The Reserve on West 31st,"2511 W 31st St, Lawrence, KS 66047, United States",lawrence California,(785) 842-0032,https://plus.google.com/102348836126240264635/about?hl=en
Gage Management Inc,"2201 W 25th St, Lawrence, KS 66047, United States",lawrence California,(785) 842-7644,https://plus.google.com/105959619417715392712/about?hl=en
Wingfield Aparment Homes,"15901 W 127th St, Olathe, KS 66062, United States",lawrence California,(913) 782-7687,https://plus.google.com/109672296197137001098/about?hl=en
Meadowbrook Apartments,"Dover Square, Lawrence, KS 66049, United States",lawrence California,(785) 842-4200,https://plus.google.com/109573875092990631129/about?hl=en
Laurel Glen Apartments,"1401 E 24th St, Lawrence, KS 66046, United States",lawrence California,(785) 838-9559,https://plus.google.com/107410952317053682374/about?hl=en
Misty Glen Apartments,"3201 SW Randolph Ave, Topeka, KS 66611, United States",lawrence California,(785) 266-8010,https://plus.google.com/115633654769925733370/about?hl=en
Highpointe Apartments,"2001 W 6th St, Lawrence, KS 66044, United States",lawrence California,(785) 856-3171,https://plus.google.com/115047121569547758633/about?hl=en
Wyncroft Hill Apartments,"12235 S Black Bob Rd, Olathe, KS 66062, United States",lawrence California,(913) 829-1404,https://plus.google.com/103413062674396127685/about?hl=en
Cascade Apartments,"3441 SW Burlingame Rd, Topeka, KS 66611, United States",lawrence California,(785) 267-3390,https://plus.google.com/105757010368387238402/about?hl=en
"First Management, Inc.","1008 Emery Rd, Lawrence, KS 66044, United States",lawrence California,(785) 841-8468,https://plus.google.com/114942938867936734203/about?hl=en
Woodland Park at Soldier Creek,"122 NW Walnut Grove Dr, Topeka, KS 66617, United States",lawrence California,(785) 286-2295,https://plus.google.com/105941810737313348851/about?hl=en
Eddingham Place Apartments,"1501 Eddingham Dr, Lawrence, KS 66046, United States",lawrence California,(785) 841-5444,https://plus.google.com/110879146672751242617/about?hl=en
Trailridge Apartments & Townhomes,"2500 W 6th St, Lawrence, KS 66049, United States",lawrence California,(785) 371-0033,https://plus.google.com/115596511544936840392/about?hl=en
Greens At Alvamar LLC,"3700 Clinton Pkwy, Lawrence, KS 66047, United States",lawrence California,(785) 749-0431,https://plus.google.com/100992230651180236260/about?hl=en
Clairborne Court Apartments,"1440 E College Way, Olathe, KS 66062, United States",lawrence California,(913) 764-7077,https://plus.google.com/109558249667281814429/about?hl=en
West Hills Apartments,"1012 Emery Rd, Lawrence, KS 66044, United States",lawrence California,(785) 841-3800,https://plus.google.com/117107106936412460422/about?hl=en
Avignon Apartment Homes,"11820 S Greenwood St, Olathe, KS 66062, United States",lawrence California,(913) 397-7777,https://plus.google.com/109477104360421859233/about?hl=en
Aberdeen Apartments,"2300 Wakarusa Dr, Lawrence, KS 66047, United States",lawrence California,(785) 371-0167,https://plus.google.com/113370179476157069926/about?hl=en
G & W Properties,"779 Metropolitan Ave, Leavenworth, KS 66048, United States",lawrence California,(913) 682-1410,https://plus.google.com/108146113915664548357/about?hl=en
Drury Place At Alvamar,"1510 St Andrews Dr, Lawrence, KS 66047, United States",lawrence California,(785) 841-6845,https://plus.google.com/102091823956013771078/about?hl=en
Three Lakes Apartments,"12100 Willow Ln, Overland Park, KS 66213, United States",lawrence California,(913) 451-1708,https://plus.google.com/104645019613908638104/about?hl=en
Montara Village,"7105 SW Montara Pkwy, Topeka, KS 66619, United States",lawrence California,(785) 862-1030,https://plus.google.com/101317619292860423004/about?hl=en
Orchard Corners Apartments,"1405 Apple Ln, Lawrence, KS 66049, United States",lawrence California,(785) 371-0182,https://plus.google.com/102569427786423014470/about?hl=en
Birchwood Gardens Apartments,"1815 Kentucky St # 2, Lawrence, KS 66044, United States",lawrence California,(785) 843-0929,https://plus.google.com/113958755820841519429/about?hl=en
Naismith Place Apartments,"1502 W 25th Ct, Lawrence, KS 66046, United States",lawrence California,(785) 841-1815,https://plus.google.com/107474508885074989794/about?hl=en
The Connection at Lawrence,"3100 Ousdahl Rd, Lawrence, KS 66046, United States",lawrence California,(785) 842-3336,https://plus.google.com/102108548807937623992/about?hl=en
Village 1 Apartments,"2411 Louisiana St, Lawrence, KS 66046, United States",lawrence California,(866) 704-1996,https://plus.google.com/110285557098031277286/about?hl=en
Naismith Hall,"1800 Naismith Dr, Lawrence, KS 66045, United States",lawrence California,(785) 843-8559,https://plus.google.com/102145564486104693202/about?hl=en
Hanover Place,"200 Hanover Pl Apt 1, Lawrence, KS 66044, United States",lawrence California,(785) 841-1212,https://plus.google.com/111704941235220652791/about?hl=en
Southpointe Apartments and Park Villas,"2310 W 26th St, Lawrence, KS 66047, United States",lawrence California,(785) 843-6446,https://plus.google.com/117072499669545986497/about?hl=en
Peppertree Apartments,"3100 W 22nd St, Lawrence, KS 66047, United States",lawrence California,(785) 841-7726,https://plus.google.com/109396890456688729074/about?hl=en
Eagle Ridge Apartments,"530 Eldridge Street, Suite #I-1, Lawrence, KS 66049, United States",lawrence California,(785) 749-1102,https://plus.google.com/115837334333312154882/about?hl=en
The Grove Apartments Lawrence,"4301 W 24th Pl, Lawrence, KS 66047, United States",lawrence California,(785) 379-3722,https://plus.google.com/102190709455333292985/about?hl=en
Tuckaway Lawrence,"2600 W 6th St, Lawrence, KS 66049, United States",lawrence California,(785) 856-0432,https://plus.google.com/102394131648799882588/about?hl=en
Fleming Court Apartments,"1008 SW Fleming Ct # 106, Topeka, KS 66604, United States",lawrence California,(785) 271-6100,https://plus.google.com/102968686775524729075/about?hl=en
Tuckaway at Frontier Apartments,"546 Frontier Rd, Lawrence, KS 66049, United States",lawrence California,(785) 856-8900,https://plus.google.com/107195338816178850536/about?hl=en
Crosswinds Apartments,"2130 Silicon Ave, Lawrence, KS 66046, United States",lawrence California,(785) 312-9945,https://plus.google.com/100775146267100241042/about?hl=en
Rent Source,"10501 Shawnee Mission Pkwy, Shawnee, KS 66203, United States",lawrence California,(913) 962-6683,https://plus.google.com/104341708200567917701/about?hl=en
Sunrise Place Apartments,"837 Michigan St, Lawrence, KS 66044, United States",lawrence California,(785) 841-8400,https://plus.google.com/109468712368139802153/about?hl=en
Parkway Commons Apartments,"3601 Clinton Parkway, Lawrence, KS 66047, United States",lawrence California,(785) 842-3280,https://plus.google.com/114860535810924278109/about?hl=en
Regents Center Apartments,"12490 Quivira Rd, Overland Park, KS 66213, United States",lawrence California,(855) 264-2854,https://plus.google.com/102458091900850933211/about?hl=en
The Preserve at Overland Park,"12401 W 120th St, Overland Park, KS 66213, United States",lawrence California,(913) 685-3700,https://plus.google.com/110552273319995015136/about?hl=en
Pines Apartments,"238 SW Gage Blvd # 101, Topeka, KS 66606, United States",lawrence California,(785) 234-6060,https://plus.google.com/117683145204549338329/about?hl=en
Autumn Park Apartments,"8400 W 108th Terrace, Overland Park, KS 66210, United States",lawrence California,(913) 396-9524,https://plus.google.com/112064821024540812668/about?hl=en
Park 25 Apartments,"2401 W 25th St, Lawrence, KS 66047, United States",lawrence California,(785) 842-1455,https://plus.google.com/114805834335975977213/about?hl=en
Pine Tree Townhouses,"149 Pinecone Dr, Lawrence, KS 66046, United States",lawrence California,(785) 842-2545,https://plus.google.com/108906895878240244839/about?hl=en
Berkeley Flats Apartments,"1123 Indiana St, Lawrence, KS 66044, United States",lawrence California,(785) 371-0250,https://plus.google.com/104761436257837934057/about?hl=en
Pinnacle Woods Apartments,"5000 Clinton Pkwy, Lawrence, KS 66047, United States",lawrence California,(785) 865-5454,https://plus.google.com/111863541133343257406/about?hl=en
Crown Colony Apartments,"900 SW Robinson Ave # 201, Topeka, KS 66606, United States",lawrence California,(785) 273-1012,https://plus.google.com/102108217799927369587/about?hl=en
Lexington Farms Apartment Homes,"8500 W 131st Pl, Overland Park, KS 66213, United States",lawrence California,(913) 213-0412,https://plus.google.com/109185153564294541492/about?hl=en
Bristol Pointe Apartments,"533 N Somerset Terrace, Olathe, KS 66062, United States",lawrence California,(913) 782-5755,https://plus.google.com/106689517601333860590/about?hl=en
Chalet Apartments,"4140 SW 6th Ave, Topeka, KS 66606, United States",lawrence California,(785) 272-5130,https://plus.google.com/114017365076250741782/about?hl=en
The Highlands North and South,"10020 W 80th St, Overland Park, KS 66204, United States",lawrence California,(913) 381-0335,https://plus.google.com/114582340386866342583/about?hl=en
Oak Park Village Apartments,"9670 Halsey St, Lenexa, KS 66215, United States",lawrence California,(855) 254-9899,https://plus.google.com/107278635591985335554/about?hl=en
Value Place,"14700 W 112th St, Lenexa, KS 66215, United States",lawrence California,(913) 327-1101,https://plus.google.com/118107746658911194019/about?hl=en
Madison Woodridge,"13245 W 87th Terrace, Lenexa, KS 66215, United States",lawrence California,(877) 891-0391,https://plus.google.com/109419649625570869362/about?hl=en
Hunter's Pointe Apartments & Townhomes,"9800 W 118th St, Overland Park, KS 66210, United States",lawrence California,(913) 451-1850,https://plus.google.com/111002188610779395300/about?hl=en
Pointe Royal Town Home Apartments,"8401 W 123rd St, Overland Park, KS 66213, United States",lawrence California,(913) 345-2888,https://plus.google.com/100653955879335413141/about?hl=en
Avalon on the Alameda,"1300 The Alameda, San Jose, CA 95126, United States",santa clara California,(408) 216-8947,https://plus.google.com/117700104361882958920/about?hl=en
Domicilio Apartments,"431 El Camino Real, Santa Clara, CA 95050, United States",santa clara California,(888) 492-9765,https://plus.google.com/102601580534309764108/about?hl=en
Avalon at Cahill Park,"754 The Alameda, San Jose, CA 95126, United States",santa clara California,(408) 216-8945,https://plus.google.com/114179475796354716135/about?hl=en
Woodland Meadow,"1600 Whitewood Dr, San Jose, CA 95131, United States",santa clara California,(408) 441-7600,https://plus.google.com/114254559988759776967/about?hl=en
Meritage Apartment Homes,"555 S Park Victoria Dr, Milpitas, CA 95035, United States",santa clara California,(408) 263-6040,https://plus.google.com/105940355929963861598/about?hl=en
Park Kiely Apartments,"355 Kiely Blvd, San Jose, CA 95129, United States",santa clara California,(408) 247-1900,https://plus.google.com/112983154874472144007/about?hl=en
Belmont Village Of San Jose,"500 S Winchester Blvd, San Jose, CA 95128, United States",santa clara California,(408) 984-4767,https://plus.google.com/105957690944699699421/about?hl=en
The Pines,"70 Descanso Dr, San Jose, CA 95134, United States",santa clara California,(408) 570-5010,https://plus.google.com/104322992384154730759/about?hl=en
101 San Fernando,"101 E San Fernando St #100, San Jose, CA 95112, United States",santa clara California,(408) 287-3444,https://plus.google.com/108189912279406519395/about?hl=en
Apartments,"1776 Almaden Rd, San Jose, CA 95125, United States",college park California,(408) 445-5211,https://plus.google.com/105303155670453989807/about?hl=en
Almaden Terrace,"2118 Canoas Garden Ave, San Jose, CA 95125, United States",college park California,(408) 266-1474,https://plus.google.com/110139451332697526669/about?hl=en
Outlook Garden Apartments,"363 Western Dr, Santa Cruz, CA 95060, United States",college park California,(831) 426-6855,https://plus.google.com/110181689199837447051/about?hl=en
360 Residences,"360 S Market St, San Jose, CA 95113, United States",college park California,(408) 295-1360,https://plus.google.com/105403779829836729204/about?hl=en
Avalon Willow Glen,"3200 Rubino Dr, San Jose, CA 95125, United States",college park California,(408) 599-5321,https://plus.google.com/114795431094940175941/about?hl=en
Meridian Apartments,"950 Meridian Ave, San Jose, CA 95126, United States",san jose diridon California,(408) 998-2012,https://plus.google.com/110531439754593839494/about?hl=en
Fruitdale Station,"1590 Southwest Expy, San Jose, CA 95126, United States",san jose diridon California,(408) 288-7368,https://plus.google.com/117335937401227721007/about?hl=en
Twin Palms Apartment,"524 S 9th St, San Jose, CA 95112, United States",san jose diridon California,(408) 971-9397,https://plus.google.com/104203620493574578587/about?hl=en
Hidden Willows Apartments,"850 Meridian Way, San Jose, CA 95126, United States",san jose diridon California,(408) 294-5333,https://plus.google.com/114891214132207462582/about?hl=en
Elements,"1201 Parkmoor Ave, San Jose, CA 95126, United States",san jose diridon California,(408) 271-2600,https://plus.google.com/113086480156801370845/about?hl=en
Shelter Creek Apartments,"2050 Southwest Expy #126, San Jose, CA 95126, United States",san jose diridon California,(408) 297-4675,https://plus.google.com/104935516624556605917/about?hl=en
The Woods,"4300 The Woods Dr, San Jose, CA 95136, United States",tamien California,(408) 227-3700,https://plus.google.com/114873360808958219661/about?hl=en
Corde Terra Apartments,"2600 Corde Terra Cir, San Jose, CA 95111, United States",tamien California,(408) 298-9988,https://plus.google.com/113452825893627725641/about?hl=en
Rosewalk Apartment Homes,"3601 Copperfield Dr, San Jose, CA 95136, United States",tamien California,(408) 647-5909,https://plus.google.com/109776572345487477947/about?hl=en
Monte Vista Gardens,"2601 Nuestra Castillo Ct, San Jose, CA 95127, United States",capitol California,(408) 923-3200,https://plus.google.com/106484460441600021995/about?hl=en
Chestnut Street,"143 Chestnut St, Santa Cruz, CA 95060, United States",blossom hill California,(831) 469-3620,https://plus.google.com/113959755278204694718/about?hl=en
Atlantis Properties,"10 Jackson St #107, Los Gatos, CA 95030, United States",blossom hill California,(408) 354-8910,https://plus.google.com/105072540752673359879/about?hl=en
Almaden Lake Village,"1045 Coleman Rd, San Jose, CA 95123, United States",blossom hill California,(408) 600-1431,https://plus.google.com/104163510559899025706/about?hl=en
Brentwood,"200 Hollis Ave, Campbell, CA 95008, United States",blossom hill California,(408) 378-7188,https://plus.google.com/100903909080496901490/about?hl=en
Cypress Pointe Apartments,"8200 Kern Ave, Gilroy, CA 95020, United States",morgan hill California,(408) 214-1685,https://plus.google.com/101723477253036220198/about?hl=en
Monterey Grove Apartments,"6100 Monterey Hwy, San Jose, CA 95138, United States",morgan hill California,(408) 728-9514,https://plus.google.com/116083984731617108346/about?hl=en
Siesta Village Apartments,"205 Cosky Dr, Marina, CA 93933, United States",morgan hill California,(831) 384-7159,https://plus.google.com/101338489516884214735/about?hl=en
Monte Vista at Morgan Hill,"16945 Del Monte Ave, Morgan Hill, CA 95037, United States",morgan hill California,(408) 779-8986,https://plus.google.com/110062209112257275169/about?hl=en
Capitola Cove Apartments,"1905 Wharf Rd, Capitola, CA 95010, United States",morgan hill California,(831) 475-6342,https://plus.google.com/103259739379064421277/about?hl=en
Fox Creek Village,"136 W Alvin Dr, Salinas, CA 93906, United States",morgan hill California,(831) 449-1800,https://plus.google.com/111709793078963252304/about?hl=en
Vineyard Court Apartments,"15400 Vineyard Blvd, Morgan Hill, CA 95037, United States",morgan hill California,(408) 778-3237,https://plus.google.com/102974738559456800731/about?hl=en
Foothills Apartments,"6184 Cottle Rd, San Jose, CA 95123, United States",morgan hill California,(408) 225-8648,https://plus.google.com/101561022152192041342/about?hl=en
Santa Palmia,"150 Palm Valley Blvd, San Jose, CA 95123, United States",morgan hill California,(866) 251-7152,https://plus.google.com/114143628786877783592/about?hl=en
One Pearl Place,"5230 Terner Way, San Jose, CA 95136, United States",morgan hill California,(408) 723-2370,https://plus.google.com/105943142308496928999/about?hl=en
Cypress Point Apartments,"101 Felix St, Santa Cruz, CA 95060, United States",morgan hill California,(831) 427-1991,https://plus.google.com/102107234783838115312/about?hl=en
Monterey Townhouse Apartments,"825 Casanova Ave, Monterey, CA 93940, United States",gilroy California,(844) 250-7147,https://plus.google.com/112292056725269073139/about?hl=en
Lake Royal Apartments,"501 Camino Aguajito #404, Monterey, CA 93940, United States",gilroy California,(831) 373-1025,https://plus.google.com/107407166780853042705/about?hl=en
Laurel Tree,"1185 Monroe St, Salinas, CA 93906, United States",gilroy California,(831) 585-1628,https://plus.google.com/103881615379939659610/about?hl=en
Boronda Manor,"2073 Santa Rita St, Salinas, CA 93906, United States",gilroy California,(831) 240-0330,https://plus.google.com/117249042351075766158/about?hl=en
Cambridge Court,"939 Heather Cir, Salinas, CA 93906, United States",gilroy California,(831) 240-0589,https://plus.google.com/104967385483657200224/about?hl=en
Swan Lake Gardens condominiums,"755 14th Ave, Santa Cruz, CA 95062, United States",gilroy California,(831) 476-8897,https://plus.google.com/110056715097811318919/about?hl=en
Oceanview Apartments,"222 Columbia St, Santa Cruz, CA 95060, United States",gilroy California,(831) 458-5042,https://plus.google.com/110780732807480345086/about?hl=en
Milias Apartments,"7397 Monterey St, Gilroy, CA 95020, United States",gilroy California,(408) 848-3474,https://plus.google.com/109149412659519885140/about?hl=en
Gilroy Apartments,"500 Ioof Ave, Gilroy, CA 95020, United States",gilroy California,(408) 842-4457,https://plus.google.com/114949953668745106651/about?hl=en
2000 Post,"2000 Post St, San Francisco, CA 94115, United States",san francisco California,(415) 658-6604,https://plus.google.com/103861961251689935399/about?hl=en
sfrent.net,"1201 Fulton St, San Francisco, CA 94117, United States",san francisco California,(415) 241-0100,https://plus.google.com/103814088731384821042/about?hl=en
77 Bluxome Apartments,"77 Bluxome St, San Francisco, CA 94107, United States",san francisco California,(415) 957-5887,https://plus.google.com/116739184209976681999/about?hl=en
Geary Courtyard Apartments,"639 Geary St, San Francisco, CA 94102, United States",san francisco California,(415) 749-0101,https://plus.google.com/107235537602468940016/about?hl=en
BRIDGE,"600 California St #900, San Francisco, CA 94108, United States",san francisco California,(415) 989-1111,https://plus.google.com/116253396236698317333/about?hl=en
The Terraces Apartments,"1330 Bush St, San Francisco, CA 94109, United States",san francisco California,(415) 749-0101,https://plus.google.com/110556362517545886284/about?hl=en
Lofts At One Powell,"10 Cyril Magnin St, San Francisco, CA 94102, United States",san francisco California,(603) 571-6274,https://plus.google.com/102105523558889735706/about?hl=en
Nob Hill Tower,"1221 Jones St, San Francisco, CA 94109, United States",san francisco California,(415) 673-1232,https://plus.google.com/118208384096490729317/about?hl=en
Lantern Lofts Apartments,"1168 Folsom St, San Francisco, CA 94103, United States",san francisco California,(415) 491-1125,https://plus.google.com/106958053411956441734/about?hl=en
Laramar Group - San Francisco | Laramar Urban Apartment Homes,"1500 Franklin St, San Francisco, CA 94109, United States",san francisco California,(415) 440-0550,https://plus.google.com/105499699733526116239/about?hl=en
South Beach Marina Apartments,"2 Townsend St, San Francisco, CA 94107, United States",san francisco California,(415) 495-4119,https://plus.google.com/112398606262230032303/about?hl=en
Imperial Apartments,"1515 Sutter St, San Francisco, CA 94109, United States",san francisco California,(415) 567-0683,https://plus.google.com/108155875604788057864/about?hl=en
NEMA - San Francisco Luxury Apartments,"8 10th St, San Francisco, CA 94103, United States",san francisco California,(415) 881-5059,https://plus.google.com/104697966872357329627/about?hl=en
Telegraph Hill Apartments,"350 Union St, San Francisco, CA 94133, United States",san francisco California,(415) 421-4333,https://plus.google.com/114105341045928116681/about?hl=en
Clay Park Tower Apartments,"1890 Clay St, San Francisco, CA 94109, United States",san francisco California,(415) 359-1333,https://plus.google.com/101233338096053045630/about?hl=en
Channel Mission Bay,"185 Channel St, San Francisco, CA 94158, United States",san francisco California,(415) 580-6272,https://plus.google.com/113240817253154620036/about?hl=en
1190 Mission at Trinity Place,"1190 Mission St, San Francisco, CA 94103, United States",san francisco California,(415) 861-3333,https://plus.google.com/103496114396019545914/about?hl=en
Apartment List,"500 3rd St #555, San Francisco, CA 94107, United States",san francisco California,,https://plus.google.com/116213231830538862951/about?hl=en
Golden Gate Apartments,"1820 Post St, San Francisco, CA 94115, United States",san francisco California,(415) 921-3469,https://plus.google.com/102788182274132617733/about?hl=en
Avalon Sunset Towers,"8 Locksley Ave, San Francisco, CA 94122, United States",san francisco California,(415) 745-3716,https://plus.google.com/110753056138010987051/about?hl=en
Nob Hill Place Apartments,"1155 Jones St, San Francisco, CA 94109, United States",san francisco California,(415) 440-1155,https://plus.google.com/111248886985045476713/about?hl=en
AVA Nob Hill,"965 Sutter St, San Francisco, CA 94109, United States",san francisco California,(415) 354-4507,https://plus.google.com/100248235339403494317/about?hl=en
2000 Broadway Apartments,"2000 Broadway, San Francisco, CA 94115, United States",san francisco California,(415) 563-6333,https://plus.google.com/114913095953438725583/about?hl=en
Hayes Valley Corporation,"401 Rose St, San Francisco, CA 94102, United States",san francisco California,(415) 487-1218,https://plus.google.com/114390743088482237578/about?hl=en
BRE,"525 Market St #4, San Francisco, CA 94105, United States",san francisco California,(415) 445-6530,https://plus.google.com/118302770579251488542/about?hl=en
Apartments at 1000 Chestnut Street,"1000 Chestnut St, San Francisco, CA 94109, United States",san francisco California,(415) 474-5333,https://plus.google.com/115191058701658401641/about?hl=en
eaves Diamond Heights,"5285 Diamond Heights Boulevard, San Francisco, CA 94131, United States",san francisco California,(415) 354-4501,https://plus.google.com/105785576066621093392/about?hl=en
Fox Plaza Apartments,"1390 Market St #107, San Francisco, CA 94102, United States",san francisco California,(415) 626-6900,https://plus.google.com/108176587862319751053/about?hl=en
Etta SF,"1285 Sutter St, San Francisco, CA 94109, United States",san francisco California,(415) 345-1970,https://plus.google.com/105573214535502246096/about?hl=en
Tower 737 Condominium Rentals,"737 Post St, San Francisco, CA 94109, United States",san francisco California,(415) 787-4485,https://plus.google.com/106889765316320952382/about?hl=en
Venn Apartments,"1844 Market St, San Francisco, CA 94102, United States",san francisco California,(415) 701-8366,https://plus.google.com/114126184286174013665/about?hl=en
Villa Nob Hill Furnished Apartments,"1124 Leavenworth St, San Francisco, CA 94109, United States",san francisco California,(415) 505-2504,https://plus.google.com/101859075973954385853/about?hl=en
J.Wavro Associates,"3027 Fillmore St, San Francisco, CA 94123, United States",san francisco California,(415) 923-6900,https://plus.google.com/106187076546125634032/about?hl=en
Leandro Soto Apartments,"2155 Mission St # 307, San Francisco, CA 94110, United States",san francisco California,(415) 552-9443,https://plus.google.com/116751759357259519230/about?hl=en
Arc Light Apartments,"21 Clarence Pl, San Francisco, CA 94107, United States",san francisco California,(855) 254-9912,https://plus.google.com/106682447165539742098/about?hl=en
Vara Apartments,"1600 15th St, San Francisco, CA 94103, United States",san francisco California,(855) 641-0159,https://plus.google.com/100353919832689343763/about?hl=en
Oakwood Apartments,"1 Pine St, San Francisco, CA 94111, United States",san francisco California,(877) 902-0832,https://plus.google.com/112287963162603560670/about?hl=en
Strata at Mission Bay,"1201 4th St, San Francisco, CA 94158, United States",san francisco California,(866) 678-3468,https://plus.google.com/117322642815955378180/about?hl=en
Bennett Lofts (FKA Q-Lofts),"530 Brannan St Suite 102, San Francisco, CA 94107, United States",san francisco California,(415) 978-9619,https://plus.google.com/118343916555179825689/about?hl=en
Mt. Sutro Terrace Apartments,"480 Warren Dr, San Francisco, CA 94131, United States",san francisco California,(415) 664-2822,https://plus.google.com/103590246715445152367/about?hl=en
San Francisco Apartment Association,"265 Ivy St, San Francisco, CA 94102, United States",san francisco California,(415) 255-2288,https://plus.google.com/106149282620854673442/about?hl=en
Ashton San Francisco,"301 Executive Park Blvd, San Francisco, CA 94134, United States",bayshore California,(650) 488-4047,https://plus.google.com/101138559132945469069/about?hl=en
Carter Terrace,"530 Carter St, San Francisco, CA 94134, United States",bayshore California,(415) 584-4800,https://plus.google.com/112501763012308087809/about?hl=en
88 Hillside Apartments,"6543 Mission St, Daly City, CA 94014, United States",bayshore California,(650) 758-4888,https://plus.google.com/110571646436814170272/about?hl=en
REARDON HEIGHTS,"50 Reardon Rd # 111, San Francisco, CA 94124, United States",bayshore California,(415) 648-1910,https://plus.google.com/104904265057219936473/about?hl=en
Glenridge Apartments,"137 Addison St, San Francisco, CA 94131, United States",bayshore California,(415) 587-5815,https://plus.google.com/101376941001221556419/about?hl=en
Jackie Robinson Apartments,"1340 Hudson Ave, San Francisco, CA 94124, United States",bayshore California,(415) 821-7280,https://plus.google.com/108058123871929243447/about?hl=en
Bay View Common Apartments,"4445 3rd St, San Francisco, CA 94124, United States",bayshore California,(415) 648-5349,https://plus.google.com/115762986613649591888/about?hl=en
Market Heights,"1000 Tompkins Ave, San Francisco, CA 94110, United States",bayshore California,(415) 282-1686,https://plus.google.com/103196139696761169837/about?hl=en
La Salle Apartments,"20 Osceola Ln # 20, San Francisco, CA 94124, United States",bayshore California,,https://plus.google.com/100683346029768629740/about?hl=en
Visitacion Apartments,"2 Visitacion Ave, Brisbane, CA 94005, United States",bayshore California,(415) 330-9252,https://plus.google.com/117496387783678689881/about?hl=en
All Hallows Apartments,"6 Baldwin Ct, San Francisco, CA 94124, United States",bayshore California,(415) 642-8440,https://plus.google.com/104950672249906683016/about?hl=en
Heritage Homes,"243 Rey St, San Francisco, CA 94134, United States",bayshore California,(415) 333-9956,https://plus.google.com/108682163432871915269/about?hl=en
AvalonBay Communities Inc,"1150 Ocean Ave, San Francisco, CA 94112, United States",bayshore California,(415) 284-9080,https://plus.google.com/101967831262802116332/about?hl=en
Highpoint,"1888 Geneva Ave, San Francisco, CA 94134, United States",bayshore California,(415) 308-7225,https://plus.google.com/115005057025957503818/about?hl=en
Diamond View Apartments,"296 Addison St # A, San Francisco, CA 94131, United States",bayshore California,(415) 334-2698,https://plus.google.com/105227563024394926148/about?hl=en
Vista Grande Apartments,"97 School St, Daly City, CA 94014, United States",bayshore California,(650) 997-0670,https://plus.google.com/112527037300483663462/about?hl=en
Crocker Amazon Senior Apartments,"5199 Mission St, San Francisco, CA 94112, United States",bayshore California,(415) 586-8940,https://plus.google.com/115237621007188656666/about?hl=en
G & K Management Co,"50 E Market St, Daly City, CA 94014, United States",bayshore California,(650) 755-3872,https://plus.google.com/108361603793552908679/about?hl=en
La Terrazza Apartments,"7800 El Camino Real, Colma, CA 94014, United States",bayshore California,(650) 992-3500,https://plus.google.com/103377097753083792100/about?hl=en
School House Station Apartment,"99 School St, Daly City, CA 94014, United States",bayshore California,(650) 991-0827,https://plus.google.com/111105055329458392399/about?hl=en
Shoreview Apartments,"35 Lillian Ct, San Francisco, CA 94124, United States",bayshore California,(415) 647-6922,https://plus.google.com/105093219403278636737/about?hl=en
Pacific Place Apartment Homes,"2665 Geneva Avenue, Daly City, CA 94014, United States",bayshore California,(855) 646-0468,https://plus.google.com/110340905969575746461/about?hl=en
Apartment Finders Magazine,"2171 Junipero Serra Blvd # 280, Daly City, CA 94014, United States",bayshore California,(650) 994-2247,https://plus.google.com/113033988582246800172/about?hl=en
Dolan Apartments,"161 School St, Daly City, CA 94014, United States",bayshore California,(650) 756-4588,https://plus.google.com/102932576863464068246/about?hl=en
Avalon At Diamond Heights,"5285 Diamond Heights Blvd, San Francisco, CA 94131, United States",bayshore California,(415) 285-1231,https://plus.google.com/113415655834022805351/about?hl=en
Abel Gonzalez Apartments,"1045 Capp St, San Francisco, CA 94110, United States",bayshore California,(415) 641-8003,https://plus.google.com/110106817863265541593/about?hl=en
Good Samaritan Family Apartments,"1290 Potrero Ave, San Francisco, CA 94110, United States",bayshore California,(415) 642-1877,https://plus.google.com/103151021821726393779/about?hl=en
Fernmar Apartments North,"208 Holly Ave # 1, South San Francisco, CA 94080, United States",bayshore California,(650) 583-9275,https://plus.google.com/108684031043478605338/about?hl=en
Grand Oak Apartments,"99 Oak Ave # 201, South San Francisco, CA 94080, United States",bayshore California,(650) 952-3727,https://plus.google.com/112715393203831069462/about?hl=en
Betel Apartments,"1227 Hampshire St, San Francisco, CA 94110, United States",bayshore California,(415) 285-5966,https://plus.google.com/106772267990858252271/about?hl=en
Garden Studio,"1139 Treat Ave, San Francisco, CA 94110, United States",bayshore California,(415) 513-0086,https://plus.google.com/109193360699253765995/about?hl=en
Serra Commons Apartments,"1580 Southgate Ave, Daly City, CA 94015, United States",bayshore California,(650) 756-1405,https://plus.google.com/114204982220963329655/about?hl=en
